Episode,Reward,Penalties,State,Hashed_State,value
60,-10,0,"{""en_peligro"": 0, ""flashlight"": 0, ""foxy_en_pasillo"": 0, ""hallway"": 0, ""last_action"": 3, ""left_vent"": 0, ""num_camera"": 9, ""open_monitor"": 0, ""puppet_sin_tiempo"": 1, ""put_mask"": 0, ""right_vent"": 0}",37,-10.593232848602511
60,3,0,"{""en_peligro"": 0, ""flashlight"": 1, ""foxy_en_pasillo"": 0, ""hallway"": 1, ""last_action"": 3, ""left_vent"": 1, ""num_camera"": 9, ""open_monitor"": 1, ""puppet_sin_tiempo"": 1, ""put_mask"": 0, ""right_vent"": 1}",37,-9.869503534658412
60,-5,1,"{""en_peligro"": 0, ""flashlight"": 1, ""foxy_en_pasillo"": 0, ""hallway"": 1, ""last_action"": 0, ""left_vent"": 1, ""num_camera"": 10, ""open_monitor"": 1, ""puppet_sin_tiempo"": 1, ""put_mask"": 0, ""right_vent"": 1}",27,-10.495876316659016
60,-5,2,"{""en_peligro"": 0, ""flashlight"": 1, ""foxy_en_pasillo"": 0, ""hallway"": 1, ""last_action"": 0, ""left_vent"": 1, ""num_camera"": 0, ""open_monitor"": 0, ""puppet_sin_tiempo"": 1, ""put_mask"": 0, ""right_vent"": 1}",2,9.760613316357889
60,-10,2,"{""en_peligro"": 0, ""flashlight"": 1, ""foxy_en_pasillo"": 0, ""hallway"": 1, ""last_action"": 4, ""left_vent"": 1, ""num_camera"": 0, ""open_monitor"": 0, ""puppet_sin_tiempo"": 1, ""put_mask"": 0, ""right_vent"": 1}",14,-8.304587287743729
60,-10,2,"{""en_peligro"": 0, ""flashlight"": 1, ""foxy_en_pasillo"": 0, ""hallway"": 1, ""last_action"": 2, ""left_vent"": 1, ""num_camera"": 0, ""open_monitor"": 0, ""puppet_sin_tiempo"": 1, ""put_mask"": 0, ""right_vent"": 1}",37,-10.474723393272075
60,-5,3,"{""en_peligro"": 0, ""flashlight"": 1, ""foxy_en_pasillo"": 0, ""hallway"": 1, ""last_action"": 2, ""left_vent"": 1, ""num_camera"": 5, ""open_monitor"": 1, ""puppet_sin_tiempo"": 1, ""put_mask"": 0, ""right_vent"": 1}",38,-10.654412676701638
60,-5,4,"{""en_peligro"": 0, ""flashlight"": 1, ""foxy_en_pasillo"": 0, ""hallway"": 1, ""last_action"": 0, ""left_vent"": 1, ""num_camera"": 0, ""open_monitor"": 0, ""puppet_sin_tiempo"": 1, ""put_mask"": 0, ""right_vent"": 1}",21,-2.14569585191376
60,-10,4,"{""en_peligro"": 0, ""flashlight"": 0, ""foxy_en_pasillo"": 0, ""hallway"": 0, ""last_action"": 4, ""left_vent"": 0, ""num_camera"": 0, ""open_monitor"": 0, ""puppet_sin_tiempo"": 1, ""put_mask"": 1, ""right_vent"": 1}",14,-8.348713952577741
60,-10,4,"{""en_peligro"": 0, ""flashlight"": 0, ""foxy_en_pasillo"": 0, ""hallway"": 0, ""last_action"": 1, ""left_vent"": 0, ""num_camera"": 11, ""open_monitor"": 1, ""puppet_sin_tiempo"": 1, ""put_mask"": 0, ""right_vent"": 1}",29,-4.59997478638303
60,-5,5,"{""en_peligro"": 0, ""flashlight"": 1, ""foxy_en_pasillo"": 0, ""hallway"": 1, ""last_action"": 3, ""left_vent"": 1, ""num_camera"": 12, ""open_monitor"": 1, ""puppet_sin_tiempo"": 1, ""put_mask"": 0, ""right_vent"": 1}",16,-2.9315607139994433
60,-5,6,"{""en_peligro"": 0, ""flashlight"": 1, ""foxy_en_pasillo"": 0, ""hallway"": 1, ""last_action"": 0, ""left_vent"": 1, ""num_camera"": 0, ""open_monitor"": 0, ""puppet_sin_tiempo"": 1, ""put_mask"": 0, ""right_vent"": 1}",12,1.4928378161599059
60,-5,7,"{""en_peligro"": 0, ""flashlight"": 1, ""foxy_en_pasillo"": 0, ""hallway"": 1, ""last_action"": 2, ""left_vent"": 1, ""num_camera"": 0, ""open_monitor"": 0, ""puppet_sin_tiempo"": 0, ""put_mask"": 0, ""right_vent"": 1}",14,-8.123352514202601
60,-5,8,"{""en_peligro"": 1, ""flashlight"": 1, ""foxy_en_pasillo"": 1, ""hallway"": 1, ""last_action"": 2, ""left_vent"": 1, ""num_camera"": 12, ""open_monitor"": 1, ""puppet_sin_tiempo"": 0, ""put_mask"": 0, ""right_vent"": 1}",35,1.6415452116312081
60,6,8,"{""en_peligro"": 1, ""flashlight"": 1, ""foxy_en_pasillo"": 1, ""hallway"": 1, ""last_action"": 0, ""left_vent"": 1, ""num_camera"": 11, ""open_monitor"": 1, ""puppet_sin_tiempo"": 0, ""put_mask"": 0, ""right_vent"": 1}",19,3.868794245139555
60,-5,9,"{""en_peligro"": 1, ""flashlight"": 1, ""foxy_en_pasillo"": 1, ""hallway"": 1, ""last_action"": 3, ""left_vent"": 1, ""num_camera"": 0, ""open_monitor"": 0, ""puppet_sin_tiempo"": 0, ""put_mask"": 0, ""right_vent"": 1}",13,-6.704672047098796
60,6,9,"{""en_peligro"": 1, ""flashlight"": 1, ""foxy_en_pasillo"": 1, ""hallway"": 1, ""last_action"": 2, ""left_vent"": 1, ""num_camera"": 11, ""open_monitor"": 1, ""puppet_sin_tiempo"": 0, ""put_mask"": 0, ""right_vent"": 1}",2,9.970188783703573
60,-5,10,"{""en_peligro"": 1, ""flashlight"": 1, ""foxy_en_pasillo"": 1, ""hallway"": 1, ""last_action"": 3, ""left_vent"": 1, ""num_camera"": 0, ""open_monitor"": 0, ""puppet_sin_tiempo"": 0, ""put_mask"": 0, ""right_vent"": 1}",0,3.36359576607267
60,6,10,"{""en_peligro"": 1, ""flashlight"": 0, ""foxy_en_pasillo"": 1, ""hallway"": 0, ""last_action"": 2, ""left_vent"": 0, ""num_camera"": 0, ""open_monitor"": 0, ""puppet_sin_tiempo"": 0, ""put_mask"": 1, ""right_vent"": 1}",2,10.171381232355431
60,6,10,"{""en_peligro"": 1, ""flashlight"": 1, ""foxy_en_pasillo"": 1, ""hallway"": 1, ""last_action"": 1, ""left_vent"": 1, ""num_camera"": 0, ""open_monitor"": 0, ""puppet_sin_tiempo"": 0, ""put_mask"": 0, ""right_vent"": 1}",16,-2.2142982854394653
60,6,10,"{""en_peligro"": 1, ""flashlight"": 1, ""foxy_en_pasillo"": 1, ""hallway"": 1, ""last_action"": 2, ""left_vent"": 1, ""num_camera"": 0, ""open_monitor"": 0, ""puppet_sin_tiempo"": 0, ""put_mask"": 0, ""right_vent"": 1}",18,-0.17877578064942612
60,6,10,"{""en_peligro"": 1, ""flashlight"": 1, ""foxy_en_pasillo"": 1, ""hallway"": 1, ""last_action"": 2, ""left_vent"": 1, ""num_camera"": 0, ""open_monitor"": 0, ""puppet_sin_tiempo"": 0, ""put_mask"": 0, ""right_vent"": 1}",19,4.314042475333973
60,6,10,"{""en_peligro"": 1, ""flashlight"": 1, ""foxy_en_pasillo"": 1, ""hallway"": 1, ""last_action"": 2, ""left_vent"": 1, ""num_camera"": 0, ""open_monitor"": 0, ""puppet_sin_tiempo"": 0, ""put_mask"": 0, ""right_vent"": 1}",19,4.741480776320614
60,6,10,"{""en_peligro"": 1, ""flashlight"": 1, ""foxy_en_pasillo"": 1, ""hallway"": 1, ""last_action"": 2, ""left_vent"": 1, ""num_camera"": 0, ""open_monitor"": 0, ""puppet_sin_tiempo"": 0, ""put_mask"": 0, ""right_vent"": 1}",19,5.15182154526779
60,6,10,"{""en_peligro"": 1, ""flashlight"": 1, ""foxy_en_pasillo"": 1, ""hallway"": 1, ""last_action"": 2, ""left_vent"": 1, ""num_camera"": 0, ""open_monitor"": 0, ""puppet_sin_tiempo"": 0, ""put_mask"": 0, ""right_vent"": 1}",19,5.545748683457078
60,6,10,"{""en_peligro"": 1, ""flashlight"": 1, ""foxy_en_pasillo"": 1, ""hallway"": 1, ""last_action"": 2, ""left_vent"": 1, ""num_camera"": 0, ""open_monitor"": 0, ""puppet_sin_tiempo"": 0, ""put_mask"": 0, ""right_vent"": 1}",19,5.923918736118795
60,-5,11,"{""en_peligro"": 1, ""flashlight"": 1, ""foxy_en_pasillo"": 1, ""hallway"": 1, ""last_action"": 2, ""left_vent"": 1, ""num_camera"": 0, ""open_monitor"": 0, ""puppet_sin_tiempo"": 0, ""put_mask"": 0, ""right_vent"": 1}",19,5.186961986674044
60,6,11,"{""en_peligro"": 0, ""flashlight"": 1, ""foxy_en_pasillo"": 0, ""hallway"": 1, ""last_action"": 2, ""left_vent"": 1, ""num_camera"": 0, ""open_monitor"": 0, ""puppet_sin_tiempo"": 0, ""put_mask"": 0, ""right_vent"": 1}",19,5.579483507207082
60,-5,12,"{""en_peligro"": 1, ""flashlight"": 1, ""foxy_en_pasillo"": 1, ""hallway"": 1, ""last_action"": 2, ""left_vent"": 1, ""num_camera"": 0, ""open_monitor"": 0, ""puppet_sin_tiempo"": 0, ""put_mask"": 0, ""right_vent"": 1}",35,1.0758834031659599
60,6,12,"{""en_peligro"": 1, ""flashlight"": 1, ""foxy_en_pasillo"": 1, ""hallway"": 1, ""last_action"": 2, ""left_vent"": 1, ""num_camera"": 11, ""open_monitor"": 1, ""puppet_sin_tiempo"": 0, ""put_mask"": 0, ""right_vent"": 1}",19,5.956304166918799
60,-5,13,"{""en_peligro"": 1, ""flashlight"": 1, ""foxy_en_pasillo"": 1, ""hallway"": 1, ""last_action"": 3, ""left_vent"": 1, ""num_camera"": 0, ""open_monitor"": 0, ""puppet_sin_tiempo"": 0, ""put_mask"": 0, ""right_vent"": 1}",0,2.729051935429763
60,6,13,"{""en_peligro"": 1, ""flashlight"": 0, ""foxy_en_pasillo"": 1, ""hallway"": 0, ""last_action"": 2, ""left_vent"": 0, ""num_camera"": 0, ""open_monitor"": 0, ""puppet_sin_tiempo"": 0, ""put_mask"": 1, ""right_vent"": 1}",2,10.364525983061213
60,6,13,"{""en_peligro"": 1, ""flashlight"": 1, ""foxy_en_pasillo"": 1, ""hallway"": 1, ""last_action"": 1, ""left_vent"": 1, ""num_camera"": 0, ""open_monitor"": 0, ""puppet_sin_tiempo"": 0, ""put_mask"": 0, ""right_vent"": 1}",16,-1.5257263540218868
60,6,13,"{""en_peligro"": 1, ""flashlight"": 1, ""foxy_en_pasillo"": 1, ""hallway"": 1, ""last_action"": 2, ""left_vent"": 1, ""num_camera"": 0, ""open_monitor"": 0, ""puppet_sin_tiempo"": 0, ""put_mask"": 0, ""right_vent"": 1}",18,0.4283752505765509
60,6,13,"{""en_peligro"": 1, ""flashlight"": 1, ""foxy_en_pasillo"": 1, ""hallway"": 1, ""last_action"": 2, ""left_vent"": 1, ""num_camera"": 0, ""open_monitor"": 0, ""puppet_sin_tiempo"": 0, ""put_mask"": 0, ""right_vent"": 1}",19,6.318052000242047
60,-5,14,"{""en_peligro"": 1, ""flashlight"": 1, ""foxy_en_pasillo"": 1, ""hallway"": 1, ""last_action"": 2, ""left_vent"": 1, ""num_camera"": 0, ""open_monitor"": 0, ""puppet_sin_tiempo"": 0, ""put_mask"": 0, ""right_vent"": 1}",19,-1.7238390820918266
60,6,14,"{""en_peligro"": 1, ""flashlight"": 1, ""foxy_en_pasillo"": 1, ""hallway"": 1, ""last_action"": 2, ""left_vent"": 1, ""num_camera"": 11, ""open_monitor"": 1, ""puppet_sin_tiempo"": 0, ""put_mask"": 0, ""right_vent"": 1}",19,6.665329920232366
60,-5,15,"{""en_peligro"": 1, ""flashlight"": 1, ""foxy_en_pasillo"": 1, ""hallway"": 1, ""last_action"": 0, ""left_vent"": 1, ""num_camera"": 0, ""open_monitor"": 0, ""puppet_sin_tiempo"": 0, ""put_mask"": 0, ""right_vent"": 1}",0,2.1198898580125727
60,6,15,"{""en_peligro"": 1, ""flashlight"": 0, ""foxy_en_pasillo"": 1, ""hallway"": 0, ""last_action"": 2, ""left_vent"": 0, ""num_camera"": 0, ""open_monitor"": 0, ""puppet_sin_tiempo"": 0, ""put_mask"": 1, ""right_vent"": 1}",21,-1.2783896034237472
60,6,15,"{""en_peligro"": 1, ""flashlight"": 1, ""foxy_en_pasillo"": 1, ""hallway"": 1, ""last_action"": 1, ""left_vent"": 1, ""num_camera"": 0, ""open_monitor"": 0, ""puppet_sin_tiempo"": 0, ""put_mask"": 0, ""right_vent"": 1}",16,-0.8646972998610114
60,-5,16,"{""en_peligro"": 1, ""flashlight"": 1, ""foxy_en_pasillo"": 1, ""hallway"": 1, ""last_action"": 2, ""left_vent"": 1, ""num_camera"": 0, ""open_monitor"": 0, ""puppet_sin_tiempo"": 0, ""put_mask"": 0, ""right_vent"": 1}",18,-6.466336840385662
60,6,16,"{""en_peligro"": 1, ""flashlight"": 1, ""foxy_en_pasillo"": 1, ""hallway"": 1, ""last_action"": 2, ""left_vent"": 1, ""num_camera"": 0, ""open_monitor"": 0, ""puppet_sin_tiempo"": 0, ""put_mask"": 0, ""right_vent"": 1}",19,6.998716723423072
60,6,16,"{""en_peligro"": 1, ""flashlight"": 1, ""foxy_en_pasillo"": 1, ""hallway"": 1, ""last_action"": 4, ""left_vent"": 1, ""num_camera"": 0, ""open_monitor"": 0, ""puppet_sin_tiempo"": 0, ""put_mask"": 0, ""right_vent"": 1}",19,7.318768054486149
60,-5,17,"{""en_peligro"": 1, ""flashlight"": 1, ""foxy_en_pasillo"": 1, ""hallway"": 1, ""last_action"": 2, ""left_vent"": 1, ""num_camera"": 0, ""open_monitor"": 0, ""puppet_sin_tiempo"": 0, ""put_mask"": 0, ""right_vent"": 1}",6,-0.8881102541937085
60,6,17,"{""en_peligro"": 1, ""flashlight"": 1, ""foxy_en_pasillo"": 1, ""hallway"": 1, ""last_action"": 2, ""left_vent"": 1, ""num_camera"": 11, ""open_monitor"": 1, ""puppet_sin_tiempo"": 0, ""put_mask"": 0, ""right_vent"": 1}",19,7.626017332306703
60,-5,18,"{""en_peligro"": 1, ""flashlight"": 1, ""foxy_en_pasillo"": 1, ""hallway"": 1, ""last_action"": 3, ""left_vent"": 1, ""num_camera"": 0, ""open_monitor"": 0, ""puppet_sin_tiempo"": 0, ""put_mask"": 0, ""right_vent"": 1}",0,1.53509426369207
60,6,18,"{""en_peligro"": 1, ""flashlight"": 0, ""foxy_en_pasillo"": 1, ""hallway"": 0, ""last_action"": 2, ""left_vent"": 0, ""num_camera"": 0, ""open_monitor"": 0, ""puppet_sin_tiempo"": 0, ""put_mask"": 1, ""right_vent"": 1}",2,10.549944943738765
60,6,18,"{""en_peligro"": 1, ""flashlight"": 1, ""foxy_en_pasillo"": 1, ""hallway"": 1, ""last_action"": 1, ""left_vent"": 1, ""num_camera"": 0, ""open_monitor"": 0, ""puppet_sin_tiempo"": 0, ""put_mask"": 0, ""right_vent"": 1}",16,-0.23010940786657097
60,6,18,"{""en_peligro"": 1, ""flashlight"": 1, ""foxy_en_pasillo"": 1, ""hallway"": 1, ""last_action"": 2, ""left_vent"": 1, ""num_camera"": 0, ""open_monitor"": 0, ""puppet_sin_tiempo"": 0, ""put_mask"": 0, ""right_vent"": 1}",18,1.011240240553489
60,6,18,"{""en_peligro"": 1, ""flashlight"": 1, ""foxy_en_pasillo"": 1, ""hallway"": 1, ""last_action"": 2, ""left_vent"": 1, ""num_camera"": 0, ""open_monitor"": 0, ""puppet_sin_tiempo"": 0, ""put_mask"": 0, ""right_vent"": 1}",19,7.920976639014436
60,-5,19,"{""en_peligro"": 1, ""flashlight"": 1, ""foxy_en_pasillo"": 1, ""hallway"": 1, ""last_action"": 2, ""left_vent"": 1, ""num_camera"": 0, ""open_monitor"": 0, ""puppet_sin_tiempo"": 0, ""put_mask"": 0, ""right_vent"": 1}",19,-1.9786285664742784
60,6,19,"{""en_peligro"": 1, ""flashlight"": 1, ""foxy_en_pasillo"": 1, ""hallway"": 1, ""last_action"": 2, ""left_vent"": 1, ""num_camera"": 0, ""open_monitor"": 0, ""puppet_sin_tiempo"": 0, ""put_mask"": 0, ""right_vent"": 1}",19,8.204137573453858
60,6,19,"{""en_peligro"": 1, ""flashlight"": 1, ""foxy_en_pasillo"": 1, ""hallway"": 1, ""last_action"": 5, ""left_vent"": 1, ""num_camera"": 0, ""open_monitor"": 0, ""puppet_sin_tiempo"": 0, ""put_mask"": 0, ""right_vent"": 1}",19,8.475972070515704
60,-5,20,"{""en_peligro"": 1, ""flashlight"": 1, ""foxy_en_pasillo"": 1, ""hallway"": 1, ""last_action"": 2, ""left_vent"": 1, ""num_camera"": 0, ""open_monitor"": 0, ""puppet_sin_tiempo"": 0, ""put_mask"": 0, ""right_vent"": 1}",13,-6.936485165214845
60,6,20,"{""en_peligro"": 1, ""flashlight"": 1, ""foxy_en_pasillo"": 1, ""hallway"": 1, ""last_action"": 2, ""left_vent"": 1, ""num_camera"": 11, ""open_monitor"": 1, ""puppet_sin_tiempo"": 0, ""put_mask"": 0, ""right_vent"": 1}",19,8.736933187695076
60,-5,21,"{""en_peligro"": 1, ""flashlight"": 1, ""foxy_en_pasillo"": 1, ""hallway"": 1, ""last_action"": 3, ""left_vent"": 1, ""num_camera"": 0, ""open_monitor"": 0, ""puppet_sin_tiempo"": 0, ""put_mask"": 0, ""right_vent"": 1}",0,0.9736904931443872
60,6,21,"{""en_peligro"": 1, ""flashlight"": 0, ""foxy_en_pasillo"": 1, ""hallway"": 0, ""last_action"": 2, ""left_vent"": 0, ""num_camera"": 0, ""open_monitor"": 0, ""puppet_sin_tiempo"": 0, ""put_mask"": 1, ""right_vent"": 1}",2,10.727947145989216
60,6,21,"{""en_peligro"": 1, ""flashlight"": 1, ""foxy_en_pasillo"": 1, ""hallway"": 1, ""last_action"": 1, ""left_vent"": 1, ""num_camera"": 0, ""open_monitor"": 0, ""puppet_sin_tiempo"": 0, ""put_mask"": 0, ""right_vent"": 1}",16,0.3790949684480919
60,6,21,"{""en_peligro"": 1, ""flashlight"": 1, ""foxy_en_pasillo"": 1, ""hallway"": 1, ""last_action"": 2, ""left_vent"": 1, ""num_camera"": 0, ""open_monitor"": 0, ""puppet_sin_tiempo"": 0, ""put_mask"": 0, ""right_vent"": 1}",18,1.5707906309313495
60,6,21,"{""en_peligro"": 1, ""flashlight"": 1, ""foxy_en_pasillo"": 1, ""hallway"": 1, ""last_action"": 2, ""left_vent"": 1, ""num_camera"": 0, ""open_monitor"": 0, ""puppet_sin_tiempo"": 0, ""put_mask"": 0, ""right_vent"": 1}",19,8.987455860187273
60,6,21,"{""en_peligro"": 1, ""flashlight"": 1, ""foxy_en_pasillo"": 1, ""hallway"": 1, ""last_action"": 2, ""left_vent"": 1, ""num_camera"": 0, ""open_monitor"": 0, ""puppet_sin_tiempo"": 0, ""put_mask"": 0, ""right_vent"": 1}",19,9.227957625779784
60,6,21,"{""en_peligro"": 1, ""flashlight"": 1, ""foxy_en_pasillo"": 1, ""hallway"": 1, ""last_action"": 2, ""left_vent"": 1, ""num_camera"": 0, ""open_monitor"": 0, ""puppet_sin_tiempo"": 0, ""put_mask"": 0, ""right_vent"": 1}",19,9.458839320748591
60,6,21,"{""en_peligro"": 1, ""flashlight"": 1, ""foxy_en_pasillo"": 1, ""hallway"": 1, ""last_action"": 2, ""left_vent"": 1, ""num_camera"": 0, ""open_monitor"": 0, ""puppet_sin_tiempo"": 0, ""put_mask"": 0, ""right_vent"": 1}",19,9.680485747918649
60,-5,22,"{""en_peligro"": 1, ""flashlight"": 1, ""foxy_en_pasillo"": 1, ""hallway"": 1, ""last_action"": 2, ""left_vent"": 1, ""num_camera"": 0, ""open_monitor"": 0, ""puppet_sin_tiempo"": 0, ""put_mask"": 0, ""right_vent"": 1}",19,-1.4141343758584515
60,6,22,"{""en_peligro"": 1, ""flashlight"": 1, ""foxy_en_pasillo"": 1, ""hallway"": 1, ""last_action"": 2, ""left_vent"": 1, ""num_camera"": 11, ""open_monitor"": 1, ""puppet_sin_tiempo"": 0, ""put_mask"": 0, ""right_vent"": 1}",19,9.893266318001903
60,-5,23,"{""en_peligro"": 1, ""flashlight"": 1, ""foxy_en_pasillo"": 1, ""hallway"": 1, ""last_action"": 3, ""left_vent"": 1, ""num_camera"": 0, ""open_monitor"": 0, ""puppet_sin_tiempo"": 0, ""put_mask"": 0, ""right_vent"": 1}",0,-4.0584229832443075
60,6,23,"{""en_peligro"": 1, ""flashlight"": 1, ""foxy_en_pasillo"": 1, ""hallway"": 1, ""last_action"": 2, ""left_vent"": 1, ""num_camera"": 0, ""open_monitor"": 0, ""puppet_sin_tiempo"": 0, ""put_mask"": 0, ""right_vent"": 1}",2,10.898829260149649
60,6,23,"{""en_peligro"": 1, ""flashlight"": 1, ""foxy_en_pasillo"": 1, ""hallway"": 1, ""last_action"": 5, ""left_vent"": 1, ""num_camera"": 0, ""open_monitor"": 0, ""puppet_sin_tiempo"": 0, ""put_mask"": 0, ""right_vent"": 1}",19,10.097535665281828
60,-5,24,"{""en_peligro"": 1, ""flashlight"": 1, ""foxy_en_pasillo"": 1, ""hallway"": 1, ""last_action"": 2, ""left_vent"": 1, ""num_camera"": 0, ""open_monitor"": 0, ""puppet_sin_tiempo"": 0, ""put_mask"": 0, ""right_vent"": 1}",13,-7.1590257586062505
60,6,24,"{""en_peligro"": 1, ""flashlight"": 1, ""foxy_en_pasillo"": 1, ""hallway"": 1, ""last_action"": 2, ""left_vent"": 1, ""num_camera"": 11, ""open_monitor"": 1, ""puppet_sin_tiempo"": 0, ""put_mask"": 0, ""right_vent"": 1}",19,10.293634238670556
60,-5,25,"{""en_peligro"": 1, ""flashlight"": 1, ""foxy_en_pasillo"": 1, ""hallway"": 1, ""last_action"": 3, ""left_vent"": 1, ""num_camera"": 0, ""open_monitor"": 0, ""puppet_sin_tiempo"": 0, ""put_mask"": 0, ""right_vent"": 1}",0,0.4347428734186116
60,6,25,"{""en_peligro"": 1, ""flashlight"": 0, ""foxy_en_pasillo"": 1, ""hallway"": 0, ""last_action"": 2, ""left_vent"": 0, ""num_camera"": 0, ""open_monitor"": 0, ""puppet_sin_tiempo"": 0, ""put_mask"": 1, ""right_vent"": 1}",2,11.062876089743662
60,6,25,"{""en_peligro"": 1, ""flashlight"": 1, ""foxy_en_pasillo"": 1, ""hallway"": 1, ""last_action"": 1, ""left_vent"": 1, ""num_camera"": 0, ""open_monitor"": 0, ""puppet_sin_tiempo"": 0, ""put_mask"": 0, ""right_vent"": 1}",16,0.9639311697101682
60,6,25,"{""en_peligro"": 1, ""flashlight"": 1, ""foxy_en_pasillo"": 1, ""hallway"": 1, ""last_action"": 2, ""left_vent"": 1, ""num_camera"": 0, ""open_monitor"": 0, ""puppet_sin_tiempo"": 0, ""put_mask"": 0, ""right_vent"": 1}",18,2.1079590056940956
60,6,25,"{""en_peligro"": 1, ""flashlight"": 1, ""foxy_en_pasillo"": 1, ""hallway"": 1, ""last_action"": 2, ""left_vent"": 1, ""num_camera"": 0, ""open_monitor"": 0, ""puppet_sin_tiempo"": 0, ""put_mask"": 0, ""right_vent"": 1}",19,10.481888869123734
60,6,25,"{""en_peligro"": 1, ""flashlight"": 1, ""foxy_en_pasillo"": 1, ""hallway"": 1, ""last_action"": 2, ""left_vent"": 1, ""num_camera"": 0, ""open_monitor"": 0, ""puppet_sin_tiempo"": 0, ""put_mask"": 0, ""right_vent"": 1}",19,10.662613314358786
60,6,25,"{""en_peligro"": 1, ""flashlight"": 1, ""foxy_en_pasillo"": 1, ""hallway"": 1, ""last_action"": 2, ""left_vent"": 1, ""num_camera"": 0, ""open_monitor"": 0, ""puppet_sin_tiempo"": 0, ""put_mask"": 0, ""right_vent"": 1}",19,10.836108781784436
60,6,25,"{""en_peligro"": 1, ""flashlight"": 1, ""foxy_en_pasillo"": 1, ""hallway"": 1, ""last_action"": 2, ""left_vent"": 1, ""num_camera"": 0, ""open_monitor"": 0, ""puppet_sin_tiempo"": 0, ""put_mask"": 0, ""right_vent"": 1}",19,11.002664430513057
60,6,25,"{""en_peligro"": 1, ""flashlight"": 1, ""foxy_en_pasillo"": 1, ""hallway"": 1, ""last_action"": 2, ""left_vent"": 1, ""num_camera"": 0, ""open_monitor"": 0, ""puppet_sin_tiempo"": 0, ""put_mask"": 0, ""right_vent"": 1}",19,11.162557853292535
60,-5,26,"{""en_peligro"": 1, ""flashlight"": 1, ""foxy_en_pasillo"": 1, ""hallway"": 1, ""last_action"": 2, ""left_vent"": 1, ""num_camera"": 0, ""open_monitor"": 0, ""puppet_sin_tiempo"": 0, ""put_mask"": 0, ""right_vent"": 1}",19,10.216055539160834
60,-5,27,"{""en_peligro"": 0, ""flashlight"": 1, ""foxy_en_pasillo"": 0, ""hallway"": 1, ""last_action"": 2, ""left_vent"": 1, ""num_camera"": 0, ""open_monitor"": 0, ""puppet_sin_tiempo"": 0, ""put_mask"": 0, ""right_vent"": 1}",19,9.307413317594401
60,3,27,"{""en_peligro"": 0, ""flashlight"": 1, ""foxy_en_pasillo"": 0, ""hallway"": 1, ""last_action"": 2, ""left_vent"": 1, ""num_camera"": 0, ""open_monitor"": 0, ""puppet_sin_tiempo"": 0, ""put_mask"": 0, ""right_vent"": 1}",35,1.3328480670393215
60,3,27,"{""en_peligro"": 0, ""flashlight"": 1, ""foxy_en_pasillo"": 0, ""hallway"": 1, ""last_action"": 2, ""left_vent"": 1, ""num_camera"": 11, ""open_monitor"": 1, ""puppet_sin_tiempo"": 0, ""put_mask"": 0, ""right_vent"": 1}",35,1.5795341443577486
60,3,27,"{""en_peligro"": 0, ""flashlight"": 1, ""foxy_en_pasillo"": 0, ""hallway"": 1, ""last_action"": 3, ""left_vent"": 1, ""num_camera"": 11, ""open_monitor"": 1, ""puppet_sin_tiempo"": 0, ""put_mask"": 0, ""right_vent"": 1}",30,5.9391143403648945
60,3,27,"{""en_peligro"": 0, ""flashlight"": 1, ""foxy_en_pasillo"": 0, ""hallway"": 1, ""last_action"": 3, ""left_vent"": 1, ""num_camera"": 11, ""open_monitor"": 1, ""puppet_sin_tiempo"": 0, ""put_mask"": 0, ""right_vent"": 1}",13,-6.5726647282620005
60,3,27,"{""en_peligro"": 0, ""flashlight"": 1, ""foxy_en_pasillo"": 0, ""hallway"": 1, ""last_action"": 3, ""left_vent"": 1, ""num_camera"": 11, ""open_monitor"": 1, ""puppet_sin_tiempo"": 0, ""put_mask"": 0, ""right_vent"": 1}",13,-6.00975813913152
60,-10,27,"{""en_peligro"": 0, ""flashlight"": 1, ""foxy_en_pasillo"": 0, ""hallway"": 1, ""last_action"": 3, ""left_vent"": 1, ""num_camera"": 11, ""open_monitor"": 1, ""puppet_sin_tiempo"": 0, ""put_mask"": 0, ""right_vent"": 1}",13,-6.76936781356626
60,-10,27,"{""en_peligro"": 0, ""flashlight"": 1, ""foxy_en_pasillo"": 0, ""hallway"": 1, ""last_action"": 3, ""left_vent"": 1, ""num_camera"": 11, ""open_monitor"": 1, ""puppet_sin_tiempo"": 1, ""put_mask"": 0, ""right_vent"": 1}",13,-10.166158819345185
60,-10,27,"{""en_peligro"": 0, ""flashlight"": 1, ""foxy_en_pasillo"": 0, ""hallway"": 1, ""last_action"": 3, ""left_vent"": 1, ""num_camera"": 0, ""open_monitor"": 0, ""puppet_sin_tiempo"": 1, ""put_mask"": 0, ""right_vent"": 1}",38,-11.228236169633572
60,3,27,"{""en_peligro"": 0, ""flashlight"": 1, ""foxy_en_pasillo"": 0, ""hallway"": 1, ""last_action"": 2, ""left_vent"": 1, ""num_camera"": 0, ""open_monitor"": 0, ""puppet_sin_tiempo"": 1, ""put_mask"": 0, ""right_vent"": 1}",7,-7.17157340197147
60,3,27,"{""en_peligro"": 0, ""flashlight"": 1, ""foxy_en_pasillo"": 0, ""hallway"": 1, ""last_action"": 4, ""left_vent"": 1, ""num_camera"": 0, ""open_monitor"": 0, ""puppet_sin_tiempo"": 1, ""put_mask"": 0, ""right_vent"": 1}",38,-10.479106722848229
60,-5,28,"{""en_peligro"": 0, ""flashlight"": 1, ""foxy_en_pasillo"": 0, ""hallway"": 1, ""last_action"": 5, ""left_vent"": 1, ""num_camera"": 0, ""open_monitor"": 0, ""puppet_sin_tiempo"": 1, ""put_mask"": 0, ""right_vent"": 1}",37,-11.77022081326449
60,-10,28,"{""en_peligro"": 0, ""flashlight"": 1, ""foxy_en_pasillo"": 0, ""hallway"": 1, ""last_action"": 4, ""left_vent"": 1, ""num_camera"": 11, ""open_monitor"": 1, ""puppet_sin_tiempo"": 1, ""put_mask"": 0, ""right_vent"": 1}",15,5.469231730358341
60,-10,28,"{""en_peligro"": 0, ""flashlight"": 0, ""foxy_en_pasillo"": 0, ""hallway"": 0, ""last_action"": 3, ""left_vent"": 0, ""num_camera"": 0, ""open_monitor"": 0, ""puppet_sin_tiempo"": 1, ""put_mask"": 1, ""right_vent"": 1}",18,1.0236406454663318
60,-10,28,"{""en_peligro"": 0, ""flashlight"": 1, ""foxy_en_pasillo"": 0, ""hallway"": 1, ""last_action"": 1, ""left_vent"": 1, ""num_camera"": 0, ""open_monitor"": 0, ""puppet_sin_tiempo"": 1, ""put_mask"": 0, ""right_vent"": 1}",0,-0.582646841518133
60,-10,28,"{""en_peligro"": 0, ""flashlight"": 0, ""foxy_en_pasillo"": 0, ""hallway"": 0, ""last_action"": 2, ""left_vent"": 0, ""num_camera"": 0, ""open_monitor"": 0, ""puppet_sin_tiempo"": 1, ""put_mask"": 1, ""right_vent"": 1}",10,-5.943386063087365
60,-10,28,"{""en_peligro"": 0, ""flashlight"": 0, ""foxy_en_pasillo"": 0, ""hallway"": 0, ""last_action"": 1, ""left_vent"": 0, ""num_camera"": 0, ""open_monitor"": 0, ""puppet_sin_tiempo"": 1, ""put_mask"": 1, ""right_vent"": 1}",8,-6.0330587842383405
60,-5,29,"{""en_peligro"": 0, ""flashlight"": 0, ""foxy_en_pasillo"": 0, ""hallway"": 0, ""last_action"": 1, ""left_vent"": 0, ""num_camera"": 11, ""open_monitor"": 1, ""puppet_sin_tiempo"": 1, ""put_mask"": 0, ""right_vent"": 1}",18,0.4826950196476786
60,-5,30,"{""en_peligro"": 0, ""flashlight"": 1, ""foxy_en_pasillo"": 0, ""hallway"": 1, ""last_action"": 3, ""left_vent"": 1, ""num_camera"": 0, ""open_monitor"": 0, ""puppet_sin_tiempo"": 0, ""put_mask"": 0, ""right_vent"": 1}",16,0.42537392292176146
60,3,30,"{""en_peligro"": 0, ""flashlight"": 1, ""foxy_en_pasillo"": 0, ""hallway"": 1, ""last_action"": 2, ""left_vent"": 1, ""num_camera"": 0, ""open_monitor"": 0, ""puppet_sin_tiempo"": 0, ""put_mask"": 0, ""right_vent"": 1}",28,4.480180041034586
60,3,30,"{""en_peligro"": 0, ""flashlight"": 1, ""foxy_en_pasillo"": 0, ""hallway"": 1, ""last_action"": 2, ""left_vent"": 1, ""num_camera"": 11, ""open_monitor"": 1, ""puppet_sin_tiempo"": 0, ""put_mask"": 0, ""right_vent"": 1}",35,1.8163527785834388
60,3,30,"{""en_peligro"": 0, ""flashlight"": 1, ""foxy_en_pasillo"": 0, ""hallway"": 1, ""last_action"": 3, ""left_vent"": 1, ""num_camera"": 11, ""open_monitor"": 1, ""puppet_sin_tiempo"": 0, ""put_mask"": 0, ""right_vent"": 1}",30,6.001549766750299
60,3,30,"{""en_peligro"": 0, ""flashlight"": 1, ""foxy_en_pasillo"": 0, ""hallway"": 1, ""last_action"": 3, ""left_vent"": 1, ""num_camera"": 11, ""open_monitor"": 1, ""puppet_sin_tiempo"": 0, ""put_mask"": 0, ""right_vent"": 1}",13,-6.198593101023609
60,3,30,"{""en_peligro"": 0, ""flashlight"": 1, ""foxy_en_pasillo"": 0, ""hallway"": 1, ""last_action"": 3, ""left_vent"": 1, ""num_camera"": 11, ""open_monitor"": 1, ""puppet_sin_tiempo"": 0, ""put_mask"": 0, ""right_vent"": 1}",13,-5.650649376982665
60,-10,30,"{""en_peligro"": 0, ""flashlight"": 1, ""foxy_en_pasillo"": 0, ""hallway"": 1, ""last_action"": 3, ""left_vent"": 1, ""num_camera"": 11, ""open_monitor"": 1, ""puppet_sin_tiempo"": 0, ""put_mask"": 0, ""right_vent"": 1}",13,-6.424623401903359
60,-10,30,"{""en_peligro"": 0, ""flashlight"": 1, ""foxy_en_pasillo"": 0, ""hallway"": 1, ""last_action"": 3, ""left_vent"": 1, ""num_camera"": 11, ""open_monitor"": 1, ""puppet_sin_tiempo"": 1, ""put_mask"": 0, ""right_vent"": 1}",13,-7.167638465827225
60,-10,30,"{""en_peligro"": 0, ""flashlight"": 1, ""foxy_en_pasillo"": 0, ""hallway"": 1, ""last_action"": 3, ""left_vent"": 1, ""num_camera"": 11, ""open_monitor"": 1, ""puppet_sin_tiempo"": 1, ""put_mask"": 0, ""right_vent"": 1}",38,-11.0599424539343
60,3,30,"{""en_peligro"": 0, ""flashlight"": 1, ""foxy_en_pasillo"": 0, ""hallway"": 1, ""last_action"": 3, ""left_vent"": 1, ""num_camera"": 0, ""open_monitor"": 0, ""puppet_sin_tiempo"": 1, ""put_mask"": 0, ""right_vent"": 1}",38,-10.317544755776929
60,3,30,"{""en_peligro"": 0, ""flashlight"": 1, ""foxy_en_pasillo"": 0, ""hallway"": 1, ""last_action"": 4, ""left_vent"": 1, ""num_camera"": 0, ""open_monitor"": 0, ""puppet_sin_tiempo"": 1, ""put_mask"": 0, ""right_vent"": 1}",7,-6.584710465892611
60,-5,31,"{""en_peligro"": 0, ""flashlight"": 1, ""foxy_en_pasillo"": 0, ""hallway"": 1, ""last_action"": 4, ""left_vent"": 1, ""num_camera"": 0, ""open_monitor"": 0, ""puppet_sin_tiempo"": 1, ""put_mask"": 0, ""right_vent"": 1}",37,-11.754731788980411
60,-10,31,"{""en_peligro"": 0, ""flashlight"": 1, ""foxy_en_pasillo"": 0, ""hallway"": 1, ""last_action"": 5, ""left_vent"": 1, ""num_camera"": 0, ""open_monitor"": 0, ""puppet_sin_tiempo"": 1, ""put_mask"": 0, ""right_vent"": 1}",37,-11.055734457541192
60,-5,32,"{""en_peligro"": 0, ""flashlight"": 1, ""foxy_en_pasillo"": 0, ""hallway"": 1, ""last_action"": 2, ""left_vent"": 1, ""num_camera"": 10, ""open_monitor"": 1, ""puppet_sin_tiempo"": 1, ""put_mask"": 0, ""right_vent"": 1}",15,4.750462461144007
60,-10,32,"{""en_peligro"": 0, ""flashlight"": 0, ""foxy_en_pasillo"": 0, ""hallway"": 0, ""last_action"": 0, ""left_vent"": 0, ""num_camera"": 0, ""open_monitor"": 0, ""puppet_sin_tiempo"": 1, ""put_mask"": 1, ""right_vent"": 1}",16,-0.591641033995109
60,-10,32,"{""en_peligro"": 0, ""flashlight"": 1, ""foxy_en_pasillo"": 0, ""hallway"": 1, ""last_action"": 1, ""left_vent"": 1, ""num_camera"": 0, ""open_monitor"": 0, ""puppet_sin_tiempo"": 1, ""put_mask"": 0, ""right_vent"": 1}",27,-10.62789253289242
60,-5,33,"{""en_peligro"": 0, ""flashlight"": 1, ""foxy_en_pasillo"": 0, ""hallway"": 1, ""last_action"": 2, ""left_vent"": 1, ""num_camera"": 0, ""open_monitor"": 0, ""puppet_sin_tiempo"": 1, ""put_mask"": 0, ""right_vent"": 1}",10,-6.205650620563871
60,-5,34,"{""en_peligro"": 0, ""flashlight"": 0, ""foxy_en_pasillo"": 0, ""hallway"": 0, ""last_action"": 5, ""left_vent"": 0, ""num_camera"": 0, ""open_monitor"": 0, ""puppet_sin_tiempo"": 1, ""put_mask"": 1, ""right_vent"": 1}",38,-10.404842965545852
60,3,34,"{""en_peligro"": 0, ""flashlight"": 1, ""foxy_en_pasillo"": 0, ""hallway"": 1, ""last_action"": 1, ""left_vent"": 1, ""num_camera"": 0, ""open_monitor"": 0, ""puppet_sin_tiempo"": 0, ""put_mask"": 0, ""right_vent"": 1}",8,-5.491736432868807
60,-5,35,"{""en_peligro"": 0, ""flashlight"": 1, ""foxy_en_pasillo"": 0, ""hallway"": 1, ""last_action"": 4, ""left_vent"": 1, ""num_camera"": 11, ""open_monitor"": 1, ""puppet_sin_tiempo"": 0, ""put_mask"": 0, ""right_vent"": 1}",27,-10.134602331505395
60,3,35,"{""en_peligro"": 0, ""flashlight"": 0, ""foxy_en_pasillo"": 0, ""hallway"": 0, ""last_action"": 3, ""left_vent"": 0, ""num_camera"": 0, ""open_monitor"": 0, ""puppet_sin_tiempo"": 0, ""put_mask"": 1, ""right_vent"": 1}",6,-0.5525858440259601
60,3,35,"{""en_peligro"": 0, ""flashlight"": 0, ""foxy_en_pasillo"": 0, ""hallway"": 0, ""last_action"": 1, ""left_vent"": 0, ""num_camera"": 11, ""open_monitor"": 1, ""puppet_sin_tiempo"": 0, ""put_mask"": 0, ""right_vent"": 1}",36,3.0861096609228227
60,-5,36,"{""en_peligro"": 0, ""flashlight"": 0, ""foxy_en_pasillo"": 0, ""hallway"": 0, ""last_action"": 3, ""left_vent"": 0, ""num_camera"": 11, ""open_monitor"": 1, ""puppet_sin_tiempo"": 0, ""put_mask"": 0, ""right_vent"": 1}",31,-0.955749713889457
60,-5,37,"{""en_peligro"": 0, ""flashlight"": 0, ""foxy_en_pasillo"": 0, ""hallway"": 0, ""last_action"": 3, ""left_vent"": 0, ""num_camera"": 0, ""open_monitor"": 0, ""puppet_sin_tiempo"": 0, ""put_mask"": 1, ""right_vent"": 1}",20,-8.384412335828522
60,3,37,"{""en_peligro"": 0, ""flashlight"": 1, ""foxy_en_pasillo"": 0, ""hallway"": 1, ""last_action"": 1, ""left_vent"": 1, ""num_camera"": 3, ""open_monitor"": 1, ""puppet_sin_tiempo"": 0, ""put_mask"": 0, ""right_vent"": 1}",36,3.26266527448591
60,3,37,"{""en_peligro"": 0, ""flashlight"": 1, ""foxy_en_pasillo"": 0, ""hallway"": 1, ""last_action"": 0, ""left_vent"": 1, ""num_camera"": 11, ""open_monitor"": 1, ""puppet_sin_tiempo"": 0, ""put_mask"": 0, ""right_vent"": 1}",32,-2.975459165630157
60,-5,38,"{""en_peligro"": 0, ""flashlight"": 1, ""foxy_en_pasillo"": 0, ""hallway"": 1, ""last_action"": 3, ""left_vent"": 1, ""num_camera"": 11, ""open_monitor"": 1, ""puppet_sin_tiempo"": 0, ""put_mask"": 0, ""right_vent"": 1}",1,-1.8623648373394164
60,3,38,"{""en_peligro"": 0, ""flashlight"": 1, ""foxy_en_pasillo"": 0, ""hallway"": 1, ""last_action"": 3, ""left_vent"": 1, ""num_camera"": 0, ""open_monitor"": 0, ""puppet_sin_tiempo"": 0, ""put_mask"": 0, ""right_vent"": 1}",13,-6.580932927194136
60,3,38,"{""en_peligro"": 0, ""flashlight"": 1, ""foxy_en_pasillo"": 0, ""hallway"": 1, ""last_action"": 4, ""left_vent"": 1, ""num_camera"": 11, ""open_monitor"": 1, ""puppet_sin_tiempo"": 0, ""put_mask"": 0, ""right_vent"": 1}",28,4.6009728393932035
60,3,38,"{""en_peligro"": 0, ""flashlight"": 1, ""foxy_en_pasillo"": 0, ""hallway"": 1, ""last_action"": 3, ""left_vent"": 1, ""num_camera"": 11, ""open_monitor"": 1, ""puppet_sin_tiempo"": 0, ""put_mask"": 0, ""right_vent"": 1}",6,-0.23048241026492172
60,3,38,"{""en_peligro"": 0, ""flashlight"": 1, ""foxy_en_pasillo"": 0, ""hallway"": 1, ""last_action"": 3, ""left_vent"": 1, ""num_camera"": 11, ""open_monitor"": 1, ""puppet_sin_tiempo"": 0, ""put_mask"": 0, ""right_vent"": 1}",13,-6.017695610106371
60,3,38,"{""en_peligro"": 0, ""flashlight"": 1, ""foxy_en_pasillo"": 0, ""hallway"": 1, ""last_action"": 3, ""left_vent"": 1, ""num_camera"": 11, ""open_monitor"": 1, ""puppet_sin_tiempo"": 0, ""put_mask"": 0, ""right_vent"": 1}",13,-5.476987785702117
60,-10,38,"{""en_peligro"": 0, ""flashlight"": 1, ""foxy_en_pasillo"": 0, ""hallway"": 1, ""last_action"": 3, ""left_vent"": 1, ""num_camera"": 11, ""open_monitor"": 1, ""puppet_sin_tiempo"": 0, ""put_mask"": 0, ""right_vent"": 1}",13,-6.257908274274032
60,-10,38,"{""en_peligro"": 0, ""flashlight"": 1, ""foxy_en_pasillo"": 0, ""hallway"": 1, ""last_action"": 3, ""left_vent"": 1, ""num_camera"": 11, ""open_monitor"": 1, ""puppet_sin_tiempo"": 1, ""put_mask"": 0, ""right_vent"": 1}",13,-7.007591943303071
60,-10,38,"{""en_peligro"": 0, ""flashlight"": 1, ""foxy_en_pasillo"": 0, ""hallway"": 1, ""last_action"": 3, ""left_vent"": 1, ""num_camera"": 11, ""open_monitor"": 1, ""puppet_sin_tiempo"": 1, ""put_mask"": 0, ""right_vent"": 1}",38,-10.988649246924018
60,3,38,"{""en_peligro"": 0, ""flashlight"": 1, ""foxy_en_pasillo"": 0, ""hallway"": 1, ""last_action"": 3, ""left_vent"": 1, ""num_camera"": 0, ""open_monitor"": 0, ""puppet_sin_tiempo"": 1, ""put_mask"": 0, ""right_vent"": 1}",38,-10.249103277047057
60,3,38,"{""en_peligro"": 0, ""flashlight"": 1, ""foxy_en_pasillo"": 0, ""hallway"": 1, ""last_action"": 4, ""left_vent"": 1, ""num_camera"": 0, ""open_monitor"": 0, ""puppet_sin_tiempo"": 1, ""put_mask"": 0, ""right_vent"": 1}",7,-6.0213220472569065
60,3,38,"{""en_peligro"": 0, ""flashlight"": 1, ""foxy_en_pasillo"": 0, ""hallway"": 1, ""last_action"": 4, ""left_vent"": 1, ""num_camera"": 0, ""open_monitor"": 0, ""puppet_sin_tiempo"": 1, ""put_mask"": 0, ""right_vent"": 1}",37,-9.994419004964943
60,3,38,"{""en_peligro"": 0, ""flashlight"": 1, ""foxy_en_pasillo"": 0, ""hallway"": 1, ""last_action"": 5, ""left_vent"": 1, ""num_camera"": 0, ""open_monitor"": 0, ""puppet_sin_tiempo"": 1, ""put_mask"": 0, ""right_vent"": 1}",37,-9.294642244766345
60,-5,39,"{""en_peligro"": 0, ""flashlight"": 1, ""foxy_en_pasillo"": 0, ""hallway"": 1, ""last_action"": 5, ""left_vent"": 1, ""num_camera"": 0, ""open_monitor"": 0, ""puppet_sin_tiempo"": 1, ""put_mask"": 0, ""right_vent"": 1}",15,4.060443962698247
60,-10,39,"{""en_peligro"": 0, ""flashlight"": 0, ""foxy_en_pasillo"": 0, ""hallway"": 0, ""last_action"": 5, ""left_vent"": 0, ""num_camera"": 0, ""open_monitor"": 0, ""puppet_sin_tiempo"": 1, ""put_mask"": 1, ""right_vent"": 1}",15,2.898026204190317
60,-10,39,"{""en_peligro"": 0, ""flashlight"": 0, ""foxy_en_pasillo"": 0, ""hallway"": 0, ""last_action"": 1, ""left_vent"": 0, ""num_camera"": 0, ""open_monitor"": 0, ""puppet_sin_tiempo"": 1, ""put_mask"": 1, ""right_vent"": 1}",8,-6.272066975554055
60,-10,39,"{""en_peligro"": 0, ""flashlight"": 0, ""foxy_en_pasillo"": 0, ""hallway"": 0, ""last_action"": 1, ""left_vent"": 0, ""num_camera"": 11, ""open_monitor"": 1, ""puppet_sin_tiempo"": 1, ""put_mask"": 0, ""right_vent"": 1}",18,-0.5366127811382286
60,-5,40,"{""en_peligro"": 0, ""flashlight"": 1, ""foxy_en_pasillo"": 0, ""hallway"": 1, ""last_action"": 3, ""left_vent"": 1, ""num_camera"": 0, ""open_monitor"": 0, ""puppet_sin_tiempo"": 1, ""put_mask"": 0, ""right_vent"": 1}",16,-7.089832297471267
60,-5,41,"{""en_peligro"": 0, ""flashlight"": 1, ""foxy_en_pasillo"": 0, ""hallway"": 1, ""last_action"": 2, ""left_vent"": 1, ""num_camera"": 0, ""open_monitor"": 0, ""puppet_sin_tiempo"": 0, ""put_mask"": 0, ""right_vent"": 1}",7,-6.28046916536663
60,3,41,"{""en_peligro"": 0, ""flashlight"": 1, ""foxy_en_pasillo"": 0, ""hallway"": 1, ""last_action"": 5, ""left_vent"": 1, ""num_camera"": 0, ""open_monitor"": 0, ""puppet_sin_tiempo"": 0, ""put_mask"": 0, ""right_vent"": 1}",35,2.0436986674401014
60,3,41,"{""en_peligro"": 0, ""flashlight"": 1, ""foxy_en_pasillo"": 0, ""hallway"": 1, ""last_action"": 5, ""left_vent"": 1, ""num_camera"": 11, ""open_monitor"": 1, ""puppet_sin_tiempo"": 0, ""put_mask"": 0, ""right_vent"": 1}",6,0.07873688614567514
60,-5,42,"{""en_peligro"": 0, ""flashlight"": 1, ""foxy_en_pasillo"": 0, ""hallway"": 1, ""last_action"": 3, ""left_vent"": 1, ""num_camera"": 11, ""open_monitor"": 1, ""puppet_sin_tiempo"": 0, ""put_mask"": 0, ""right_vent"": 1}",19,8.435116784890624
60,3,42,"{""en_peligro"": 0, ""flashlight"": 1, ""foxy_en_pasillo"": 0, ""hallway"": 1, ""last_action"": 3, ""left_vent"": 1, ""num_camera"": 0, ""open_monitor"": 0, ""puppet_sin_tiempo"": 0, ""put_mask"": 0, ""right_vent"": 1}",13,-6.427288265570948
60,3,42,"{""en_peligro"": 0, ""flashlight"": 1, ""foxy_en_pasillo"": 0, ""hallway"": 1, ""last_action"": 2, ""left_vent"": 1, ""num_camera"": 11, ""open_monitor"": 1, ""puppet_sin_tiempo"": 0, ""put_mask"": 0, ""right_vent"": 1}",28,4.716933925817475
60,3,42,"{""en_peligro"": 0, ""flashlight"": 1, ""foxy_en_pasillo"": 0, ""hallway"": 1, ""last_action"": 3, ""left_vent"": 1, ""num_camera"": 11, ""open_monitor"": 1, ""puppet_sin_tiempo"": 0, ""put_mask"": 0, ""right_vent"": 1}",30,6.061487776080287
60,3,42,"{""en_peligro"": 0, ""flashlight"": 1, ""foxy_en_pasillo"": 0, ""hallway"": 1, ""last_action"": 3, ""left_vent"": 1, ""num_camera"": 11, ""open_monitor"": 1, ""puppet_sin_tiempo"": 0, ""put_mask"": 0, ""right_vent"": 1}",13,-5.87019673494811
60,3,42,"{""en_peligro"": 0, ""flashlight"": 1, ""foxy_en_pasillo"": 0, ""hallway"": 1, ""last_action"": 3, ""left_vent"": 1, ""num_camera"": 11, ""open_monitor"": 1, ""puppet_sin_tiempo"": 0, ""put_mask"": 0, ""right_vent"": 1}",13,-5.335388865550186
60,-10,42,"{""en_peligro"": 0, ""flashlight"": 1, ""foxy_en_pasillo"": 0, ""hallway"": 1, ""last_action"": 3, ""left_vent"": 1, ""num_camera"": 11, ""open_monitor"": 1, ""puppet_sin_tiempo"": 0, ""put_mask"": 0, ""right_vent"": 1}",13,-6.121973310928179
60,-10,42,"{""en_peligro"": 0, ""flashlight"": 1, ""foxy_en_pasillo"": 0, ""hallway"": 1, ""last_action"": 3, ""left_vent"": 1, ""num_camera"": 11, ""open_monitor"": 1, ""puppet_sin_tiempo"": 1, ""put_mask"": 0, ""right_vent"": 1}",13,-6.877094378491051
60,-10,42,"{""en_peligro"": 0, ""flashlight"": 1, ""foxy_en_pasillo"": 0, ""hallway"": 1, ""last_action"": 3, ""left_vent"": 1, ""num_camera"": 11, ""open_monitor"": 1, ""puppet_sin_tiempo"": 1, ""put_mask"": 0, ""right_vent"": 1}",38,-14.928492446992042
60,-5,43,"{""en_peligro"": 0, ""flashlight"": 1, ""foxy_en_pasillo"": 0, ""hallway"": 1, ""last_action"": 3, ""left_vent"": 1, ""num_camera"": 5, ""open_monitor"": 1, ""puppet_sin_tiempo"": 1, ""put_mask"": 0, ""right_vent"": 1}",38,-10.339139145965174
60,-5,44,"{""en_peligro"": 0, ""flashlight"": 1, ""foxy_en_pasillo"": 0, ""hallway"": 1, ""last_action"": 0, ""left_vent"": 1, ""num_camera"": 0, ""open_monitor"": 0, ""puppet_sin_tiempo"": 1, ""put_mask"": 0, ""right_vent"": 1}",15,2.282105156022704
60,-10,44,"{""en_peligro"": 0, ""flashlight"": 0, ""foxy_en_pasillo"": 0, ""hallway"": 0, ""last_action"": 4, ""left_vent"": 0, ""num_camera"": 0, ""open_monitor"": 0, ""puppet_sin_tiempo"": 1, ""put_mask"": 1, ""right_vent"": 1}",14,-8.758504779841731
60,-10,44,"{""en_peligro"": 0, ""flashlight"": 0, ""foxy_en_pasillo"": 0, ""hallway"": 0, ""last_action"": 1, ""left_vent"": 0, ""num_camera"": 0, ""open_monitor"": 0, ""puppet_sin_tiempo"": 1, ""put_mask"": 1, ""right_vent"": 1}",29,-5.163388972695059
60,-10,44,"{""en_peligro"": 0, ""flashlight"": 0, ""foxy_en_pasillo"": 0, ""hallway"": 0, ""last_action"": 1, ""left_vent"": 0, ""num_camera"": 0, ""open_monitor"": 0, ""puppet_sin_tiempo"": 1, ""put_mask"": 1, ""right_vent"": 1}",18,-1.5151482698926997
60,-10,44,"{""en_peligro"": 0, ""flashlight"": 1, ""foxy_en_pasillo"": 0, ""hallway"": 1, ""last_action"": 1, ""left_vent"": 1, ""num_camera"": 0, ""open_monitor"": 0, ""puppet_sin_tiempo"": 1, ""put_mask"": 0, ""right_vent"": 1}",18,-6.910612052540658
60,-5,45,"{""en_peligro"": 0, ""flashlight"": 1, ""foxy_en_pasillo"": 0, ""hallway"": 1, ""last_action"": 2, ""left_vent"": 1, ""num_camera"": 0, ""open_monitor"": 0, ""puppet_sin_tiempo"": 1, ""put_mask"": 0, ""right_vent"": 1}",10,-6.457424595741316
60,-10,45,"{""en_peligro"": 0, ""flashlight"": 0, ""foxy_en_pasillo"": 0, ""hallway"": 0, ""last_action"": 4, ""left_vent"": 0, ""num_camera"": 0, ""open_monitor"": 0, ""puppet_sin_tiempo"": 1, ""put_mask"": 1, ""right_vent"": 1}",38,-10.925573580126567
60,3,45,"{""en_peligro"": 0, ""flashlight"": 1, ""foxy_en_pasillo"": 0, ""hallway"": 1, ""last_action"": 1, ""left_vent"": 1, ""num_camera"": 0, ""open_monitor"": 0, ""puppet_sin_tiempo"": 1, ""put_mask"": 0, ""right_vent"": 1}",29,-3.866420658327287
60,-5,46,"{""en_peligro"": 0, ""flashlight"": 1, ""foxy_en_pasillo"": 0, ""hallway"": 1, ""last_action"": 4, ""left_vent"": 1, ""num_camera"": 11, ""open_monitor"": 1, ""puppet_sin_tiempo"": 0, ""put_mask"": 0, ""right_vent"": 1}",10,-6.699127611911663
60,3,46,"{""en_peligro"": 0, ""flashlight"": 0, ""foxy_en_pasillo"": 0, ""hallway"": 0, ""last_action"": 3, ""left_vent"": 0, ""num_camera"": 0, ""open_monitor"": 0, ""puppet_sin_tiempo"": 0, ""put_mask"": 1, ""right_vent"": 1}",6,0.3755874106998482
60,-5,47,"{""en_peligro"": 0, ""flashlight"": 0, ""foxy_en_pasillo"": 0, ""hallway"": 0, ""last_action"": 1, ""left_vent"": 0, ""num_camera"": 11, ""open_monitor"": 1, ""puppet_sin_tiempo"": 0, ""put_mask"": 0, ""right_vent"": 1}",36,-1.9018927838023876
60,-5,48,"{""en_peligro"": 0, ""flashlight"": 1, ""foxy_en_pasillo"": 0, ""hallway"": 1, ""last_action"": 3, ""left_vent"": 1, ""num_camera"": 6, ""open_monitor"": 1, ""puppet_sin_tiempo"": 0, ""put_mask"": 0, ""right_vent"": 1}",31,-1.4175197253338787
60,-5,49,"{""en_peligro"": 0, ""flashlight"": 0, ""foxy_en_pasillo"": 0, ""hallway"": 0, ""last_action"": 0, ""left_vent"": 0, ""num_camera"": 0, ""open_monitor"": 0, ""puppet_sin_tiempo"": 0, ""put_mask"": 1, ""right_vent"": 1}",25,0.30771174406418256
60,3,49,"{""en_peligro"": 0, ""flashlight"": 1, ""foxy_en_pasillo"": 0, ""hallway"": 1, ""last_action"": 1, ""left_vent"": 1, ""num_camera"": 0, ""open_monitor"": 0, ""puppet_sin_tiempo"": 0, ""put_mask"": 0, ""right_vent"": 1}",30,6.119028265037075
60,-5,50,"{""en_peligro"": 0, ""flashlight"": 1, ""foxy_en_pasillo"": 0, ""hallway"": 1, ""last_action"": 2, ""left_vent"": 1, ""num_camera"": 11, ""open_monitor"": 1, ""puppet_sin_tiempo"": 0, ""put_mask"": 0, ""right_vent"": 1}",27,-10.384842595887275
60,3,50,"{""en_peligro"": 0, ""flashlight"": 1, ""foxy_en_pasillo"": 0, ""hallway"": 1, ""last_action"": 3, ""left_vent"": 1, ""num_camera"": 0, ""open_monitor"": 0, ""puppet_sin_tiempo"": 0, ""put_mask"": 0, ""right_vent"": 1}",30,6.174267134435593
60,3,50,"{""en_peligro"": 0, ""flashlight"": 1, ""foxy_en_pasillo"": 0, ""hallway"": 1, ""last_action"": 2, ""left_vent"": 1, ""num_camera"": 11, ""open_monitor"": 1, ""puppet_sin_tiempo"": 0, ""put_mask"": 0, ""right_vent"": 1}",28,4.828256568784776
60,3,50,"{""en_peligro"": 0, ""flashlight"": 1, ""foxy_en_pasillo"": 0, ""hallway"": 1, ""last_action"": 3, ""left_vent"": 1, ""num_camera"": 11, ""open_monitor"": 1, ""puppet_sin_tiempo"": 0, ""put_mask"": 0, ""right_vent"": 1}",30,6.227296449058169
60,3,50,"{""en_peligro"": 0, ""flashlight"": 1, ""foxy_en_pasillo"": 0, ""hallway"": 1, ""last_action"": 3, ""left_vent"": 1, ""num_camera"": 11, ""open_monitor"": 1, ""puppet_sin_tiempo"": 0, ""put_mask"": 0, ""right_vent"": 1}",13,-6.302010603351409
60,3,50,"{""en_peligro"": 0, ""flashlight"": 1, ""foxy_en_pasillo"": 0, ""hallway"": 1, ""last_action"": 3, ""left_vent"": 1, ""num_camera"": 11, ""open_monitor"": 1, ""puppet_sin_tiempo"": 0, ""put_mask"": 0, ""right_vent"": 1}",13,-5.749930179217353
60,-10,50,"{""en_peligro"": 0, ""flashlight"": 1, ""foxy_en_pasillo"": 0, ""hallway"": 1, ""last_action"": 3, ""left_vent"": 1, ""num_camera"": 11, ""open_monitor"": 1, ""puppet_sin_tiempo"": 0, ""put_mask"": 0, ""right_vent"": 1}",13,-6.519932972048659
60,-10,50,"{""en_peligro"": 0, ""flashlight"": 1, ""foxy_en_pasillo"": 0, ""hallway"": 1, ""last_action"": 3, ""left_vent"": 1, ""num_camera"": 11, ""open_monitor"": 1, ""puppet_sin_tiempo"": 1, ""put_mask"": 0, ""right_vent"": 1}",13,-7.259135653166712
60,-10,50,"{""en_peligro"": 0, ""flashlight"": 1, ""foxy_en_pasillo"": 0, ""hallway"": 1, ""last_action"": 3, ""left_vent"": 1, ""num_camera"": 11, ""open_monitor"": 1, ""puppet_sin_tiempo"": 1, ""put_mask"": 0, ""right_vent"": 1}",38,-11.488550636921504
60,3,50,"{""en_peligro"": 0, ""flashlight"": 1, ""foxy_en_pasillo"": 0, ""hallway"": 1, ""last_action"": 3, ""left_vent"": 1, ""num_camera"": 0, ""open_monitor"": 0, ""puppet_sin_tiempo"": 1, ""put_mask"": 0, ""right_vent"": 1}",38,-12.96515605648017
60,3,50,"{""en_peligro"": 0, ""flashlight"": 1, ""foxy_en_pasillo"": 0, ""hallway"": 1, ""last_action"": 4, ""left_vent"": 1, ""num_camera"": 0, ""open_monitor"": 0, ""puppet_sin_tiempo"": 1, ""put_mask"": 0, ""right_vent"": 1}",7,-5.729250398751964
60,-5,51,"{""en_peligro"": 0, ""flashlight"": 1, ""foxy_en_pasillo"": 0, ""hallway"": 1, ""last_action"": 5, ""left_vent"": 1, ""num_camera"": 0, ""open_monitor"": 0, ""puppet_sin_tiempo"": 1, ""put_mask"": 0, ""right_vent"": 1}",37,-9.422856554975692
60,6,51,"{""en_peligro"": 1, ""flashlight"": 1, ""foxy_en_pasillo"": 0, ""hallway"": 1, ""last_action"": 5, ""left_vent"": 1, ""num_camera"": 0, ""open_monitor"": 0, ""puppet_sin_tiempo"": 1, ""put_mask"": 0, ""right_vent"": 1}",15,2.790820949781796
60,6,51,"{""en_peligro"": 1, ""flashlight"": 0, ""foxy_en_pasillo"": 0, ""hallway"": 0, ""last_action"": 5, ""left_vent"": 0, ""num_camera"": 0, ""open_monitor"": 0, ""puppet_sin_tiempo"": 1, ""put_mask"": 1, ""right_vent"": 1}",31,-0.7608189363205237
60,6,51,"{""en_peligro"": 1, ""flashlight"": 0, ""foxy_en_pasillo"": 0, ""hallway"": 0, ""last_action"": 1, ""left_vent"": 0, ""num_camera"": 0, ""open_monitor"": 0, ""puppet_sin_tiempo"": 1, ""put_mask"": 1, ""right_vent"": 1}",0,0.040659032142592366
60,-5,52,"{""en_peligro"": 1, ""flashlight"": 0, ""foxy_en_pasillo"": 0, ""hallway"": 0, ""last_action"": 1, ""left_vent"": 0, ""num_camera"": 0, ""open_monitor"": 0, ""puppet_sin_tiempo"": 1, ""put_mask"": 1, ""right_vent"": 1}",36,2.6321586635064738
60,-5,53,"{""en_peligro"": 1, ""flashlight"": 0, ""foxy_en_pasillo"": 0, ""hallway"": 0, ""last_action"": 1, ""left_vent"": 0, ""num_camera"": 11, ""open_monitor"": 1, ""puppet_sin_tiempo"": 1, ""put_mask"": 0, ""right_vent"": 1}",36,2.0268723169662146
60,6,53,"{""en_peligro"": 1, ""flashlight"": 0, ""foxy_en_pasillo"": 0, ""hallway"": 0, ""last_action"": 3, ""left_vent"": 0, ""num_camera"": 11, ""open_monitor"": 1, ""puppet_sin_tiempo"": 1, ""put_mask"": 0, ""right_vent"": 1}",10,-5.831162507435197
60,-5,54,"{""en_peligro"": 1, ""flashlight"": 0, ""foxy_en_pasillo"": 0, ""hallway"": 0, ""last_action"": 3, ""left_vent"": 0, ""num_camera"": 0, ""open_monitor"": 0, ""puppet_sin_tiempo"": 0, ""put_mask"": 1, ""right_vent"": 1}",6,-0.13943608572814575
60,6,54,"{""en_peligro"": 1, ""flashlight"": 0, ""foxy_en_pasillo"": 0, ""hallway"": 0, ""last_action"": 1, ""left_vent"": 0, ""num_camera"": 11, ""open_monitor"": 1, ""puppet_sin_tiempo"": 0, ""put_mask"": 0, ""right_vent"": 1}",0,0.6390326708568888
60,6,54,"{""en_peligro"": 1, ""flashlight"": 0, ""foxy_en_pasillo"": 0, ""hallway"": 0, ""last_action"": 3, ""left_vent"": 0, ""num_camera"": 0, ""open_monitor"": 0, ""puppet_sin_tiempo"": 0, ""put_mask"": 1, ""right_vent"": 1}",31,-0.13038617886770276
60,6,54,"{""en_peligro"": 1, ""flashlight"": 0, ""foxy_en_pasillo"": 0, ""hallway"": 0, ""last_action"": 1, ""left_vent"": 0, ""num_camera"": 0, ""open_monitor"": 0, ""puppet_sin_tiempo"": 0, ""put_mask"": 1, ""right_vent"": 1}",0,1.2134713640226134
60,6,54,"{""en_peligro"": 1, ""flashlight"": 0, ""foxy_en_pasillo"": 0, ""hallway"": 0, ""last_action"": 1, ""left_vent"": 0, ""num_camera"": 0, ""open_monitor"": 0, ""puppet_sin_tiempo"": 0, ""put_mask"": 1, ""right_vent"": 1}",15,3.2791881117905244
60,-5,55,"{""en_peligro"": 1, ""flashlight"": 0, ""foxy_en_pasillo"": 0, ""hallway"": 0, ""last_action"": 1, ""left_vent"": 0, ""num_camera"": 0, ""open_monitor"": 0, ""puppet_sin_tiempo"": 0, ""put_mask"": 1, ""right_vent"": 1}",15,-2.949339837142571
60,6,55,"{""en_peligro"": 1, ""flashlight"": 1, ""foxy_en_pasillo"": 0, ""hallway"": 1, ""last_action"": 1, ""left_vent"": 1, ""num_camera"": 0, ""open_monitor"": 0, ""puppet_sin_tiempo"": 0, ""put_mask"": 0, ""right_vent"": 1}",15,3.7480205873189036
60,-5,56,"{""en_peligro"": 1, ""flashlight"": 0, ""foxy_en_pasillo"": 0, ""hallway"": 0, ""last_action"": 2, ""left_vent"": 0, ""num_camera"": 0, ""open_monitor"": 0, ""puppet_sin_tiempo"": 0, ""put_mask"": 1, ""right_vent"": 1}",20,-5.093133513245675
60,6,56,"{""en_peligro"": 1, ""flashlight"": 0, ""foxy_en_pasillo"": 0, ""hallway"": 0, ""last_action"": 1, ""left_vent"": 0, ""num_camera"": 11, ""open_monitor"": 1, ""puppet_sin_tiempo"": 0, ""put_mask"": 0, ""right_vent"": 1}",33,9.356345063142674
60,6,56,"{""en_peligro"": 1, ""flashlight"": 0, ""foxy_en_pasillo"": 0, ""hallway"": 0, ""last_action"": 3, ""left_vent"": 0, ""num_camera"": 0, ""open_monitor"": 0, ""puppet_sin_tiempo"": 0, ""put_mask"": 1, ""right_vent"": 1}",31,0.47482926828700545
60,6,56,"{""en_peligro"": 1, ""flashlight"": 0, ""foxy_en_pasillo"": 0, ""hallway"": 0, ""last_action"": 1, ""left_vent"": 0, ""num_camera"": 0, ""open_monitor"": 0, ""puppet_sin_tiempo"": 0, ""put_mask"": 1, ""right_vent"": 1}",0,1.7649325094617088
60,6,56,"{""en_peligro"": 1, ""flashlight"": 0, ""foxy_en_pasillo"": 0, ""hallway"": 0, ""last_action"": 1, ""left_vent"": 0, ""num_camera"": 0, ""open_monitor"": 0, ""puppet_sin_tiempo"": 0, ""put_mask"": 1, ""right_vent"": 1}",15,4.198099763826147
60,6,56,"{""en_peligro"": 1, ""flashlight"": 0, ""foxy_en_pasillo"": 0, ""hallway"": 0, ""last_action"": 1, ""left_vent"": 0, ""num_camera"": 0, ""open_monitor"": 0, ""puppet_sin_tiempo"": 0, ""put_mask"": 1, ""right_vent"": 1}",15,4.630175773273102
60,-5,57,"{""en_peligro"": 1, ""flashlight"": 0, ""foxy_en_pasillo"": 0, ""hallway"": 0, ""last_action"": 1, ""left_vent"": 0, ""num_camera"": 0, ""open_monitor"": 0, ""puppet_sin_tiempo"": 0, ""put_mask"": 1, ""right_vent"": 1}",15,-2.9329520216971674
60,6,57,"{""en_peligro"": 1, ""flashlight"": 1, ""foxy_en_pasillo"": 0, ""hallway"": 1, ""last_action"": 1, ""left_vent"": 1, ""num_camera"": 0, ""open_monitor"": 0, ""puppet_sin_tiempo"": 0, ""put_mask"": 0, ""right_vent"": 1}",15,5.044968742342178
60,-5,58,"{""en_peligro"": 1, ""flashlight"": 0, ""foxy_en_pasillo"": 0, ""hallway"": 0, ""last_action"": 4, ""left_vent"": 0, ""num_camera"": 0, ""open_monitor"": 0, ""puppet_sin_tiempo"": 0, ""put_mask"": 1, ""right_vent"": 1}",20,-5.389408172715848
60,6,58,"{""en_peligro"": 1, ""flashlight"": 0, ""foxy_en_pasillo"": 0, ""hallway"": 0, ""last_action"": 1, ""left_vent"": 0, ""num_camera"": 11, ""open_monitor"": 1, ""puppet_sin_tiempo"": 0, ""put_mask"": 0, ""right_vent"": 1}",10,-4.997916007137789
60,-5,59,"{""en_peligro"": 1, ""flashlight"": 0, ""foxy_en_pasillo"": 0, ""hallway"": 0, ""last_action"": 3, ""left_vent"": 0, ""num_camera"": 0, ""open_monitor"": 0, ""puppet_sin_tiempo"": 0, ""put_mask"": 1, ""right_vent"": 1}",31,-5.853787143951543
60,6,59,"{""en_peligro"": 1, ""flashlight"": 1, ""foxy_en_pasillo"": 0, ""hallway"": 1, ""last_action"": 1, ""left_vent"": 1, ""num_camera"": 1, ""open_monitor"": 1, ""puppet_sin_tiempo"": 0, ""put_mask"": 0, ""right_vent"": 1}",0,2.2943352090832407
60,-5,60,"{""en_peligro"": 1, ""flashlight"": 0, ""foxy_en_pasillo"": 0, ""hallway"": 0, ""last_action"": 0, ""left_vent"": 0, ""num_camera"": 0, ""open_monitor"": 0, ""puppet_sin_tiempo"": 0, ""put_mask"": 1, ""right_vent"": 1}",35,1.4619507207424973
60,-5,61,"{""en_peligro"": 1, ""flashlight"": 0, ""foxy_en_pasillo"": 0, ""hallway"": 0, ""last_action"": 1, ""left_vent"": 0, ""num_camera"": 11, ""open_monitor"": 1, ""puppet_sin_tiempo"": 0, ""put_mask"": 0, ""right_vent"": 1}",4,0.5681034117263526
60,6,61,"{""en_peligro"": 1, ""flashlight"": 1, ""foxy_en_pasillo"": 0, ""hallway"": 1, ""last_action"": 3, ""left_vent"": 1, ""num_camera"": 0, ""open_monitor"": 0, ""puppet_sin_tiempo"": 0, ""put_mask"": 0, ""right_vent"": 1}",31,1.0558360975555252
60,-5,62,"{""en_peligro"": 1, ""flashlight"": 0, ""foxy_en_pasillo"": 0, ""hallway"": 0, ""last_action"": 2, ""left_vent"": 0, ""num_camera"": 0, ""open_monitor"": 0, ""puppet_sin_tiempo"": 0, ""put_mask"": 1, ""right_vent"": 1}",19,7.597712113495
60,6,62,"{""en_peligro"": 1, ""flashlight"": 1, ""foxy_en_pasillo"": 0, ""hallway"": 1, ""last_action"": 1, ""left_vent"": 1, ""num_camera"": 0, ""open_monitor"": 0, ""puppet_sin_tiempo"": 0, ""put_mask"": 0, ""right_vent"": 1}",33,9.582091260616968
60,-5,63,"{""en_peligro"": 1, ""flashlight"": 0, ""foxy_en_pasillo"": 0, ""hallway"": 0, ""last_action"": 2, ""left_vent"": 0, ""num_camera"": 0, ""open_monitor"": 0, ""puppet_sin_tiempo"": 0, ""put_mask"": 1, ""right_vent"": 1}",20,-5.673831845807214
60,6,63,"{""en_peligro"": 1, ""flashlight"": 0, ""foxy_en_pasillo"": 0, ""hallway"": 0, ""last_action"": 1, ""left_vent"": 0, ""num_camera"": 11, ""open_monitor"": 1, ""puppet_sin_tiempo"": 0, ""put_mask"": 0, ""right_vent"": 1}",33,9.79880761019229
60,6,63,"{""en_peligro"": 1, ""flashlight"": 0, ""foxy_en_pasillo"": 0, ""hallway"": 0, ""last_action"": 3, ""left_vent"": 0, ""num_camera"": 0, ""open_monitor"": 0, ""puppet_sin_tiempo"": 0, ""put_mask"": 1, ""right_vent"": 1}",31,1.6136026536533041
60,6,63,"{""en_peligro"": 1, ""flashlight"": 0, ""foxy_en_pasillo"": 0, ""hallway"": 0, ""last_action"": 1, ""left_vent"": 0, ""num_camera"": 0, ""open_monitor"": 0, ""puppet_sin_tiempo"": 0, ""put_mask"": 1, ""right_vent"": 1}",0,2.8025618007199116
60,6,63,"{""en_peligro"": 1, ""flashlight"": 0, ""foxy_en_pasillo"": 0, ""hallway"": 0, ""last_action"": 1, ""left_vent"": 0, ""num_camera"": 0, ""open_monitor"": 0, ""puppet_sin_tiempo"": 0, ""put_mask"": 1, ""right_vent"": 1}",15,5.443169992648491
60,6,63,"{""en_peligro"": 1, ""flashlight"": 0, ""foxy_en_pasillo"": 0, ""hallway"": 0, ""last_action"": 1, ""left_vent"": 0, ""num_camera"": 0, ""open_monitor"": 0, ""puppet_sin_tiempo"": 0, ""put_mask"": 1, ""right_vent"": 1}",15,5.825443192942551
60,6,63,"{""en_peligro"": 1, ""flashlight"": 0, ""foxy_en_pasillo"": 0, ""hallway"": 0, ""last_action"": 1, ""left_vent"": 0, ""num_camera"": 0, ""open_monitor"": 0, ""puppet_sin_tiempo"": 0, ""put_mask"": 1, ""right_vent"": 1}",15,6.192425465224849
60,6,63,"{""en_peligro"": 1, ""flashlight"": 0, ""foxy_en_pasillo"": 0, ""hallway"": 0, ""last_action"": 1, ""left_vent"": 0, ""num_camera"": 0, ""open_monitor"": 0, ""puppet_sin_tiempo"": 0, ""put_mask"": 1, ""right_vent"": 1}",15,6.544728446615855
60,6,63,"{""en_peligro"": 1, ""flashlight"": 0, ""foxy_en_pasillo"": 0, ""hallway"": 0, ""last_action"": 1, ""left_vent"": 0, ""num_camera"": 0, ""open_monitor"": 0, ""puppet_sin_tiempo"": 0, ""put_mask"": 1, ""right_vent"": 1}",15,6.8829393087512205
60,6,63,"{""en_peligro"": 1, ""flashlight"": 0, ""foxy_en_pasillo"": 0, ""hallway"": 0, ""last_action"": 1, ""left_vent"": 0, ""num_camera"": 0, ""open_monitor"": 0, ""puppet_sin_tiempo"": 0, ""put_mask"": 1, ""right_vent"": 1}",15,7.2076217364011725
60,-5,64,"{""en_peligro"": 1, ""flashlight"": 0, ""foxy_en_pasillo"": 0, ""hallway"": 0, ""last_action"": 1, ""left_vent"": 0, ""num_camera"": 0, ""open_monitor"": 0, ""puppet_sin_tiempo"": 0, ""put_mask"": 1, ""right_vent"": 1}",15,6.419316866945126
60,-5,65,"{""en_peligro"": 0, ""flashlight"": 0, ""foxy_en_pasillo"": 0, ""hallway"": 0, ""last_action"": 1, ""left_vent"": 0, ""num_camera"": 0, ""open_monitor"": 0, ""puppet_sin_tiempo"": 0, ""put_mask"": 1, ""right_vent"": 1}",15,5.662544192267321
60,-5,66,"{""en_peligro"": 0, ""flashlight"": 0, ""foxy_en_pasillo"": 0, ""hallway"": 0, ""last_action"": 1, ""left_vent"": 0, ""num_camera"": 0, ""open_monitor"": 0, ""puppet_sin_tiempo"": 0, ""put_mask"": 1, ""right_vent"": 1}",37,-9.545942292776664
60,-5,67,"{""en_peligro"": 0, ""flashlight"": 1, ""foxy_en_pasillo"": 0, ""hallway"": 1, ""last_action"": 1, ""left_vent"": 1, ""num_camera"": 0, ""open_monitor"": 0, ""puppet_sin_tiempo"": 0, ""put_mask"": 0, ""right_vent"": 1}",37,-9.664104601065597
60,-5,68,"{""en_peligro"": 0, ""flashlight"": 1, ""foxy_en_pasillo"": 0, ""hallway"": 1, ""last_action"": 5, ""left_vent"": 1, ""num_camera"": 0, ""open_monitor"": 0, ""puppet_sin_tiempo"": 0, ""put_mask"": 0, ""right_vent"": 1}",27,-10.22921823824518
60,3,68,"{""en_peligro"": 0, ""flashlight"": 0, ""foxy_en_pasillo"": 0, ""hallway"": 0, ""last_action"": 5, ""left_vent"": 0, ""num_camera"": 0, ""open_monitor"": 0, ""puppet_sin_tiempo"": 0, ""put_mask"": 1, ""right_vent"": 1}",6,0.1661413577009801
60,3,68,"{""en_peligro"": 0, ""flashlight"": 0, ""foxy_en_pasillo"": 0, ""hallway"": 0, ""last_action"": 1, ""left_vent"": 0, ""num_camera"": 11, ""open_monitor"": 1, ""puppet_sin_tiempo"": 0, ""put_mask"": 0, ""right_vent"": 1}",28,4.935126306033385
60,-5,69,"{""en_peligro"": 0, ""flashlight"": 0, ""foxy_en_pasillo"": 0, ""hallway"": 0, ""last_action"": 3, ""left_vent"": 0, ""num_camera"": 11, ""open_monitor"": 1, ""puppet_sin_tiempo"": 0, ""put_mask"": 0, ""right_vent"": 1}",31,1.049058547507172
60,3,69,"{""en_peligro"": 0, ""flashlight"": 0, ""foxy_en_pasillo"": 0, ""hallway"": 0, ""last_action"": 3, ""left_vent"": 0, ""num_camera"": 0, ""open_monitor"": 0, ""puppet_sin_tiempo"": 0, ""put_mask"": 1, ""right_vent"": 1}",20,-5.146878571974926
60,3,69,"{""en_peligro"": 0, ""flashlight"": 0, ""foxy_en_pasillo"": 0, ""hallway"": 0, ""last_action"": 1, ""left_vent"": 0, ""num_camera"": 11, ""open_monitor"": 1, ""puppet_sin_tiempo"": 0, ""put_mask"": 0, ""right_vent"": 1}",36,2.245797424287566
60,-5,70,"{""en_peligro"": 0, ""flashlight"": 0, ""foxy_en_pasillo"": 0, ""hallway"": 0, ""last_action"": 3, ""left_vent"": 0, ""num_camera"": 11, ""open_monitor"": 1, ""puppet_sin_tiempo"": 0, ""put_mask"": 0, ""right_vent"": 1}",31,0.5070962056068852
60,3,70,"{""en_peligro"": 0, ""flashlight"": 0, ""foxy_en_pasillo"": 0, ""hallway"": 0, ""last_action"": 3, ""left_vent"": 0, ""num_camera"": 0, ""open_monitor"": 0, ""puppet_sin_tiempo"": 0, ""put_mask"": 1, ""right_vent"": 1}",20,-4.641003429095929
60,3,70,"{""en_peligro"": 0, ""flashlight"": 0, ""foxy_en_pasillo"": 0, ""hallway"": 0, ""last_action"": 1, ""left_vent"": 0, ""num_camera"": 11, ""open_monitor"": 1, ""puppet_sin_tiempo"": 0, ""put_mask"": 0, ""right_vent"": 1}",36,2.4559655273160637
60,-5,71,"{""en_peligro"": 0, ""flashlight"": 0, ""foxy_en_pasillo"": 0, ""hallway"": 0, ""last_action"": 3, ""left_vent"": 0, ""num_camera"": 11, ""open_monitor"": 1, ""puppet_sin_tiempo"": 0, ""put_mask"": 0, ""right_vent"": 1}",31,-0.01318764261739025
60,3,71,"{""en_peligro"": 0, ""flashlight"": 0, ""foxy_en_pasillo"": 0, ""hallway"": 0, ""last_action"": 3, ""left_vent"": 0, ""num_camera"": 0, ""open_monitor"": 0, ""puppet_sin_tiempo"": 0, ""put_mask"": 1, ""right_vent"": 1}",20,-4.155363291932092
60,3,71,"{""en_peligro"": 0, ""flashlight"": 0, ""foxy_en_pasillo"": 0, ""hallway"": 0, ""last_action"": 1, ""left_vent"": 0, ""num_camera"": 11, ""open_monitor"": 1, ""puppet_sin_tiempo"": 0, ""put_mask"": 0, ""right_vent"": 1}",36,2.6577269062234214
60,-5,72,"{""en_peligro"": 0, ""flashlight"": 0, ""foxy_en_pasillo"": 0, ""hallway"": 0, ""last_action"": 3, ""left_vent"": 0, ""num_camera"": 11, ""open_monitor"": 1, ""puppet_sin_tiempo"": 0, ""put_mask"": 0, ""right_vent"": 1}",31,-0.5126601369126946
60,3,72,"{""en_peligro"": 0, ""flashlight"": 0, ""foxy_en_pasillo"": 0, ""hallway"": 0, ""last_action"": 3, ""left_vent"": 0, ""num_camera"": 0, ""open_monitor"": 0, ""puppet_sin_tiempo"": 0, ""put_mask"": 1, ""right_vent"": 1}",20,-3.6891487602548088
60,3,72,"{""en_peligro"": 0, ""flashlight"": 0, ""foxy_en_pasillo"": 0, ""hallway"": 0, ""last_action"": 1, ""left_vent"": 0, ""num_camera"": 11, ""open_monitor"": 1, ""puppet_sin_tiempo"": 0, ""put_mask"": 0, ""right_vent"": 1}",36,2.851417829974485
60,-5,73,"{""en_peligro"": 0, ""flashlight"": 0, ""foxy_en_pasillo"": 0, ""hallway"": 0, ""last_action"": 3, ""left_vent"": 0, ""num_camera"": 11, ""open_monitor"": 1, ""puppet_sin_tiempo"": 0, ""put_mask"": 0, ""right_vent"": 1}",31,-0.992153731436187
60,3,73,"{""en_peligro"": 0, ""flashlight"": 0, ""foxy_en_pasillo"": 0, ""hallway"": 0, ""last_action"": 3, ""left_vent"": 0, ""num_camera"": 0, ""open_monitor"": 0, ""puppet_sin_tiempo"": 0, ""put_mask"": 1, ""right_vent"": 1}",20,-3.2415828098446164
60,3,73,"{""en_peligro"": 0, ""flashlight"": 0, ""foxy_en_pasillo"": 0, ""hallway"": 0, ""last_action"": 1, ""left_vent"": 0, ""num_camera"": 11, ""open_monitor"": 1, ""puppet_sin_tiempo"": 0, ""put_mask"": 0, ""right_vent"": 1}",36,3.0373611167755055
60,-5,74,"{""en_peligro"": 0, ""flashlight"": 0, ""foxy_en_pasillo"": 0, ""hallway"": 0, ""last_action"": 3, ""left_vent"": 0, ""num_camera"": 11, ""open_monitor"": 1, ""puppet_sin_tiempo"": 0, ""put_mask"": 0, ""right_vent"": 1}",31,-1.4524675821787394
60,-5,75,"{""en_peligro"": 0, ""flashlight"": 0, ""foxy_en_pasillo"": 0, ""hallway"": 0, ""last_action"": 3, ""left_vent"": 0, ""num_camera"": 0, ""open_monitor"": 0, ""puppet_sin_tiempo"": 0, ""put_mask"": 1, ""right_vent"": 1}",20,-3.611919497450832
